name,district,party,age,email
Andrzej Adamczyk,13 Kraków,PiS,67,Andrzej.Adamczyk@sejm.pl
Piotr Adamowicz,25 Gdańsk,KO,65,Piotr.Adamowicz@sejm.pl
Adam Andruszkiewicz,24 Białystok,PiS,36,Adam.Andruszkiewicz@sejm.pl
Waldemar Andzel,32 Katowice,PiS,55,Waldemar.Andzel@sejm.pl
Dorota Arciszewska-Mielewczyk,26 Słupsk,PiS,58,Dorota.Arciszewska-Mielewczyk@sejm.pl
Jan Krzysztof Ardanowski,5 Toruń,Demokracja,65,Jan.Ardanowski@sejm.pl
Iwona Ewa Arent,35 Olsztyn,PiS,58,Iwona.Arent@sejm.pl
Bartosz Arłukowicz,40 Koszalin,KO,54,Bartosz.Arlukowicz@sejm.pl
Marek Ast,8 Zielona Góra,PiS,68,Marek.Ast@sejm.pl
Urszula Augustyn,15 Tarnów,KO,62,Urszula.Augustyn@sejm.pl
Piotr Babinetz,22 Krosno,PiS,57,Piotr.Babinetz@sejm.pl
Ryszard Bartosik,37 Konin,RozwojPlus,58,Ryszard.Bartosik@sejm.pl
Władysław Bartoszewski,19 Warszawa,PSL-TD,70,Wladyslaw.Bartoszewski@sejm.pl
Barbara Bartuś,14 Nowy Sącz,PiS,59,Barbara.Bartus@sejm.pl
Paweł Bejda,11 Sieradz,PSL-TD,63,Pawel.Bejda@sejm.pl
Konrad Berkowicz,13 Kraków,Konfederacja,42,Konrad.Berkowicz@sejm.pl
Sylwia Bielawska,2 Wałbrzych,KO,51,Sylwia.Bielawska@sejm.pl
Marek Biernacki,26 Słupsk,PSL-TD,67,Marek.Biernacki@sejm.pl
Paweł Bliźniuk,9 Łódź,KO,39,Pawel.Blizniuk@sejm.pl
Mariusz Błaszczak,20 Warszawa,PiS,57,Mariusz.Blaszczak@sejm.pl
Mateusz Bochenek,32 Katowice,KO,33,Mateusz.Bochenek@sejm.pl
Rafał Bochenek,12 Kraków,PiS,40,Rafal.Bochenek@sejm.pl
Izabela Bodnar,3 Wrocław,Centrum,51,Izabela.Bodnar@sejm.pl
Jacek Bogucki,24 Białystok,PiS,67,Jacek.Bogucki@sejm.pl
Zbigniew Bogucki,41 Szczecin,PiS,46,Zbigniew.Bogucki@sejm.pl
Krzysztof Bojarski,6 Lublin,KO,58,Krzysztof.Bojarski@sejm.pl
Joanna Borowiak,5 Toruń,PiS,59,Joanna.Borowiak@sejm.pl
Kamil Bortniczuk,16 Płock,PiS,43,Kamil.Bortniczuk@sejm.pl
Piotr Borys,1 Legnica,KO,50,Piotr.Borys@sejm.pl
Bożena Borys-Szopa,29 Katowice,PiS,72,Bozena.Borys-Szopa@sejm.pl
Marcin Bosacki,39 Poznań,KO,55,Marcin.Bosacki@sejm.pl
Karina Anna Bosak,20 Warszawa,Konfederacja,38,Karina.Bosak@sejm.pl
Krzysztof Bosak,24 Białystok,Konfederacja,44,Krzysztof.Bosak@sejm.pl
Grzegorz Braun,23 Rzeszów,Konfederacja,59,Grzegorz.Braun@sejm.pl
Krzysztof Brejza,4 Bydgoszcz,KO,43,Krzysztof.Brejza@sejm.pl
Agnieszka Buczyńska,25 Gdańsk,Polska2050,40,Agnieszka.Buczynska@sejm.pl
Waldemar Buda,9 Łódź,PiS,44,Waldemar.Buda@sejm.pl
Borys Budka,31 Katowice,KO,48,Borys.Budka@sejm.pl
Elżbieta Burkiewicz,23 Rzeszów,Centrum,61,Elzbieta.Burkiewicz@sejm.pl
Lidia Burzyńska,28 Częstochowa,PiS,62,Lidia.Burzynska@sejm.pl
Marek Jan Chmielewski,2 Wałbrzych,KO,64,Marek.Chmielewski@sejm.pl
Zbigniew Chmielowiec,23 Rzeszów,RozwojPlus,72,Zbigniew.Chmielowiec@sejm.pl
Artur Chojecki,35 Olsztyn,PiS,52,Artur.Chojecki@sejm.pl
Kazimierz Bogusław Choma,6 Lublin,PiS,68,Kazimierz.Choma@sejm.pl
Dominika Chorosińska,20 Warszawa,PiS,47,Dominika.Chorosinska@sejm.pl
Tadeusz Chrzan,22 Krosno,PiS,63,Tadeusz.Chrzan@sejm.pl
Alicja Chybicka,3 Wrocław,KO,75,Alicja.Chybicka@sejm.pl
Anna Ewa Cicholska,16 Płock,RozwojPlus,64,Anna.Cicholska@sejm.pl
Janusz Cichoń,35 Olsztyn,KO,69,Janusz.Cichon@sejm.pl
Krzysztof Ciecióra,10 Piotrków Trybunalski,PiS,37,Krzysztof.Cieciora@sejm.pl
Janusz Cieszyński,35 Olsztyn,RozwojPlus,38,Janusz.Cieszynski@sejm.pl
Michał Cieślak,33 Kielce,RozwojPlus,51,Michal.Cieslak@sejm.pl
Żaneta Cwalina-Śliwowska,18 Siedlce,Centrum,47,Zaneta.Cwalina-Sliwowska@sejm.pl
Krzysztof Czarnecki,38 Piła,PiS,68,Krzysztof.Czarnecki@sejm.pl
Witold Wojciech Czarnecki,37 Konin,PiS,73,Witold.Czarnecki@sejm.pl
Przemysław Czarnek,6 Lublin,PiS,49,Przemyslaw.Czarnek@sejm.pl
Arkadiusz Czartoryski,18 Siedlce,PiS,60,Arkadiusz.Czartoryski@sejm.pl
Włodzimierz Czarzasty,32 Katowice,Lewica,66,Wlodzimierz.Czarzasty@sejm.pl
Jacek Czerniak,6 Lublin,Lewica,62,Jacek.Czerniak@sejm.pl
Zofia Czernow,1 Legnica,KO,76,Zofia.Czernow@sejm.pl
Anita Czerwińska,20 Warszawa,PiS,56,Anita.Czerwinska@sejm.pl
Katarzyna Czochara,21 Opole,PiS,56,Katarzyna.Czochara@sejm.pl
Sławomir Ćwik,7 Chełm,Centrum,54,Slawomir.Cwik@sejm.pl
Władysław Dajczak,8 Zielona Góra,PiS,67,Wladyslaw.Dajczak@sejm.pl
Anna Dąbrowska-Banaszek,7 Chełm,PiS,65,Anna.Dabrowska-Banaszek@sejm.pl
Zbigniew Dolata,37 Konin,PiS,60,Zbigniew.Dolata@sejm.pl
Barbara Dolniak,32 Katowice,KO,66,Barbara.Dolniak@sejm.pl
Andrzej Domański,19 Warszawa,KO,45,Andrzej.Domanski@sejm.pl
Bartłomiej Dorywalski,33 Kielce,PiS,47,Bartlomiej.Dorywalski@sejm.pl
Robert Dowhan,8 Zielona Góra,KO,59,Robert.Dowhan@sejm.pl
Przemysław Drabek,27 Bielsko-Biała,PiS,46,Przemyslaw.Drabek@sejm.pl
Elżbieta Duda,13 Kraków,RozwojPlus,63,Elzbieta.Duda@sejm.pl
Michał Paweł Dworczyk,2 Wałbrzych,PiS,51,Michal.Dworczyk@sejm.pl
Adam Dziedzic,23 Rzeszów,PSL-TD,57,Adam.Dziedzic@sejm.pl
Jan Michał Dziedziczak,36 Kalisz,PiS,45,Jan.Dziedziczak@sejm.pl
Agnieszka Dziemianowicz-Bąk,26 Słupsk,Lewica,42,Agnieszka.Dziemianowicz-Bak@sejm.pl
Magdalena Filiks,41 Szczecin,KO,47,Magdalena.Filiks@sejm.pl
Magdalena Filipek-Sobczak,6 Lublin,PiS,43,Magdalena.Filipek-Sobczak@sejm.pl
Radosław Fogiel,17 Radom,PiS,44,Radoslaw.Fogiel@sejm.pl
Bronisław Foltyn,27 Bielsko-Biała,Konfederacja,52,Bronislaw.Foltyn@sejm.pl
Roman Fritz,30 Bielsko-Biała,Konfederacja_KP,60,Roman.Fritz@sejm.pl
Joanna Frydrych,22 Krosno,KO,48,Joanna.Frydrych@sejm.pl
Konrad Frysztak,17 Radom,KO,40,Konrad.Frysztak@sejm.pl
Patryk Gabriel,25 Gdańsk,KO,49,Patryk.Gabriel@sejm.pl
Krzysztof Gadowski,30 Bielsko-Biała,KO,64,Krzysztof.Gadowski@sejm.pl
Aleksandra Gajewska,19 Warszawa,KO,37,Aleksandra.Gajewska@sejm.pl
Kinga Gajewska,20 Warszawa,KO,36,Kinga.Gajewska@sejm.pl
Elżbieta Gapińska,16 Płock,KO,65,Elzbieta.Gapinska@sejm.pl
Kamila Gasiuk-Pihowicz,18 Siedlce,KO,43,Kamila.Gasiuk-Pihowicz@sejm.pl
Krzysztof Gawkowski,4 Bydgoszcz,Lewica,46,Krzysztof.Gawkowski@sejm.pl
Zdzisław Gawlik,23 Rzeszów,KO,66,Zdzislaw.Gawlik@sejm.pl
Andrzej Gawron,28 Częstochowa,PiS,61,Andrzej.Gawron@sejm.pl
Grzegorz Gaża,27 Bielsko-Biała,PiS,54,Grzegorz.Gaza@sejm.pl
Elżbieta Gelert,34 Elbląg,KO,71,Elzbieta.Gelert@sejm.pl
Anna Gembicka,5 Toruń,PiS,34,Anna.Gembicka@sejm.pl
Artur Daniel Gierada,33 Kielce,KO,47,Artur.Gierada@sejm.pl
Roman Giertych,33 Kielce,KO,55,Roman.Giertych@sejm.pl
Włodzisław Giziński,4 Bydgoszcz,KO,73,Wlodzislaw.Gizinski@sejm.pl
Szymon Giżyński,28 Częstochowa,RozwojPlus,70,Szymon.Gizynski@sejm.pl
Piotr Gliński,19 Warszawa,PiS,72,Piotr.Glinski@sejm.pl
Tomasz Głogowski,29 Katowice,KO,51,Tomasz.Glogowski@sejm.pl
Piotr Głowski,38 Piła,KO,59,Piotr.Glowski@sejm.pl
Marta Golbik,29 Katowice,KO,41,Marta.Golbik@sejm.pl
Małgorzata Golińska,40 Koszalin,PiS,45,Malgorzata.Golinska@sejm.pl
Kazimierz Gołojuch,23 Rzeszów,PiS,62,Kazimierz.Golojuch@sejm.pl
Adam Gomoła,21 Opole,Polska2050,27,Adam.Gomola@sejm.pl
Robert Gontarz,34 Elbląg,RozwojPlus,33,Robert.Gontarz@sejm.pl
Stanisław Gorczyca,34 Elbląg,KO,68,Stanislaw.Gorczyca@sejm.pl
Mariusz Gosek,33 Kielce,PiS,44,Mariusz.Gosek@sejm.pl
Daria Gosek-Popiołek,13 Kraków,Lewica,41,Daria.Gosek-Popiolek@sejm.pl
Małgorzata Gosiewska,19 Warszawa,PiS,60,Malgorzata.Gosiewska@sejm.pl
Piotr Górnikiewicz,15 Tarnów,Polska2050,54,Piotr.Gornikiewicz@sejm.pl
Agnieszka Górska,17 Radom,PiS,50,Agnieszka.Gorska@sejm.pl
Krzysztof Grabczuk,7 Chełm,KO,64,Krzysztof.Grabczuk@sejm.pl
Jan Grabiec,20 Warszawa,KO,53,Jan.Grabiec@sejm.pl
Marcin Grabowski,18 Siedlce,PiS,45,Marcin.Grabowski@sejm.pl
Michał Gramatyka,31 Katowice,Polska2050,54,Michal.Gramatyka@sejm.pl
Małgorzata Gromadzka,7 Chełm,KO,41,Malgorzata.Gromadzka@sejm.pl
Marek Gróbarczyk,41 Szczecin,PiS,58,Marek.Grobarczyk@sejm.pl
Andrzej Grzyb,36 Kalisz,PSL-TD,70,Andrzej.Grzyb@sejm.pl
Andrzej Gut-Mostowy,14 Nowy Sącz,RozwojPlus,65,Andrzej.Gut-Mostowy@sejm.pl
Kazimierz Gwiazdowski,24 Białystok,PiS,64,Kazimierz.Gwiazdowski@sejm.pl
Marcin Gwóźdź,2 Wałbrzych,RozwojPlus,48,Marcin.Gwozdz@sejm.pl
Marek Gzik,29 Katowice,KO,55,Marek.Gzik@sejm.pl
Krzysztof Habura,11 Sieradz,KO,70,Krzysztof.Habura@sejm.pl
Agnieszka Hanajczyk,11 Sieradz,KO,63,Agnieszka.Hanajczyk@sejm.pl
Iwona Hartwich,5 Toruń,KO,56,Iwona.Hartwich@sejm.pl
Paulina Hennig-Kloska,37 Konin,Centrum,48,Paulina.Hennig-Kloska@sejm.pl
Krzysztof Hetman,6 Lublin,PSL-TD,52,Krzysztof.Hetman@sejm.pl
Czesław Hoc,40 Koszalin,PiS,72,Czeslaw.Hoc@sejm.pl
Zbigniew Hoffmann,37 Konin,PiS,63,Zbigniew.Hoffmann@sejm.pl
Marek Tomasz Hok,40 Koszalin,KO,73,Marek.Hok@sejm.pl
Szymon Hołownia,24 Białystok,Polska2050,50,Szymon.Holownia@sejm.pl
Marcin Horała,26 Słupsk,RozwojPlus,44,Marcin.Horala@sejm.pl
Łukasz Horbatowski,1 Legnica,KO,46,Lukasz.Horbatowski@sejm.pl
Paweł Hreniak,3 Wrocław,PiS,47,Pawel.Hreniak@sejm.pl
Paweł Jabłoński,30 Bielsko-Biała,RozwojPlus,40,Pawel.Jablonski@sejm.pl
Klaudia Jachira,19 Warszawa,KO,38,Klaudia.Jachira@sejm.pl
Marek Jakubiak,19 Warszawa,RozwojPlus,67,Marek.Jakubiak@sejm.pl
Maria Małgorzata Janyska,38 Piła,KO,64,Maria.Janyska@sejm.pl
Michał Jaros,3 Wrocław,KO,45,Michal.Jaros@sejm.pl
Patryk Jaskulski,41 Szczecin,KO,36,Patryk.Jaskulski@sejm.pl
Danuta Jazłowiecka,21 Opole,KO,69,Danuta.Jazlowiecka@sejm.pl
Dariusz Joński,9 Łódź,KO,47,Dariusz.Jonski@sejm.pl
Marcin Józefaciuk,9 Łódź,niez.,43,Marcin.Jozefaciuk@sejm.pl
Norbert Jakub Kaczmarczyk,15 Tarnów,PiS,36,Norbert.Kaczmarczyk@sejm.pl
Filip Kaczyński,12 Kraków,PiS,38,Filip.Kaczynski@sejm.pl
Jarosław Kaczyński,33 Kielce,PiS,77,Jaroslaw.Kaczynski@sejm.pl
Piotr Kaleta,36 Kalisz,PiS,58,Piotr.Kaleta@sejm.pl
Sebastian Kaleta,19 Warszawa,PiS,37,Sebastian.Kaleta@sejm.pl
Mariusz Kałużny,5 Toruń,PiS,40,Mariusz.Kaluzny@sejm.pl
Mariusz Kamiński,7 Chełm,PiS,61,Mariusz.Kaminski@sejm.pl
Piotr Kandyba,20 Warszawa,KO,56,Piotr.Kandyba@sejm.pl
Jan Kanthak,6 Lublin,PiS,35,Jan.Kanthak@sejm.pl
Fryderyk Sylwester Kapinos,23 Rzeszów,RozwojPlus,64,Fryderyk.Kapinos@sejm.pl
Jacek Karnowski,25 Gdańsk,KO,63,Jacek.Karnowski@sejm.pl
Iwona Karolewska,4 Bydgoszcz,KO,52,Iwona.Karolewska@sejm.pl
Rafał Kasprzyk,33 Kielce,Centrum,55,Rafal.Kasprzyk@sejm.pl
Henryk Kiepura,28 Częstochowa,PSL-TD,56,Henryk.Kiepura@sejm.pl
Marcin Kierwiński,16 Płock,KO,50,Marcin.Kierwinski@sejm.pl
Katarzyna Kierzek-Koperska,39 Poznań,KO,52,Katarzyna.Kierzek-Koperska@sejm.pl
Dariusz Klimczak,10 Piotrków Trybunalski,PSL-TD,46,Dariusz.Klimczak@sejm.pl
Joanna Kluzik-Rostkowska,17 Radom,KO,62,Joanna.Kluzik-Rostkowska@sejm.pl
Agnieszka Maria Kłopotek,4 Bydgoszcz,PSL-TD,57,Agnieszka.Klopotek@sejm.pl
Łukasz Kmita,12 Kraków,RozwojPlus,40,Lukasz.Kmita@sejm.pl
Michał Kobosko,19 Warszawa,Polska2050-TD,58,Michal.Kobosko@sejm.pl
Maria Koc,18 Siedlce,RozwojPlus,62,Maria.Koc@sejm.pl
Ewa Kołodziej,31 Katowice,KO,48,Ewa.Kolodziej@sejm.pl
Magdalena Małgorzata Kołodziejczak,25 Gdańsk,KO,68,Magdalena.Kolodziejczak@sejm.pl
Michał Kołodziejczak,37 Konin,KO,38,Michal.Kolodziejczak@sejm.pl
Rafał Komarewicz,13 Kraków,Centrum,55,Rafal.Komarewicz@sejm.pl
Maciej Konieczny,31 Katowice,Razem,45,Maciej.Konieczny@sejm.pl
Zbigniew Konwiński,26 Słupsk,KO,52,Zbigniew.Konwinski@sejm.pl
Władysław Kosiniak-Kamysz,15 Tarnów,PSL-TD,45,Wladyslaw.Kosiniak-Kamysz@sejm.pl
Tomasz Kostuś,21 Opole,KO,52,Tomasz.Kostus@sejm.pl
Andrzej Kosztowniak,17 Radom,PiS,50,Andrzej.Kosztowniak@sejm.pl
Katarzyna Kotula,25 Gdańsk,Lewica,49,Katarzyna.Kotula@sejm.pl
Paweł Kowal,23 Rzeszów,KO,51,Pawel.Kowal@sejm.pl
Henryk Kowalczyk,18 Siedlce,PiS,70,Henryk.Kowalczyk@sejm.pl
Janusz Kowalski,21 Opole,niez.,48,Janusz.Kowalski@sejm.pl
Bartosz Józef Kownacki,4 Bydgoszcz,PiS,47,Bartosz.Kownacki@sejm.pl
Iwona Maria Kozłowska,4 Bydgoszcz,KO,63,Iwona.Kozlowska@sejm.pl
Stefan Krajewski,24 Białystok,PSL-TD,45,Stefan.Krajewski@sejm.pl
Wiesław Krajewski,15 Tarnów,RozwojPlus,62,Wieslaw.Krajewski@sejm.pl
Leonard Krasulski,34 Elbląg,PiS,75,Leonard.Krasulski@sejm.pl
Iwona Małgorzata Krawczyk,1 Legnica,KO,61,Iwona.Krawczyk@sejm.pl
Michał Krawczyk,6 Lublin,KO,48,Michal.Krawczyk@sejm.pl
Robert Kropiwnicki,1 Legnica,KO,52,Robert.Kropiwnicki@sejm.pl
Piotr Król,4 Bydgoszcz,PiS,52,Piotr.Krol@sejm.pl
Wojciech Król,31 Katowice,KO,41,Wojciech.Krol@sejm.pl
Anna Krupka,33 Kielce,PiS,44,Anna.Krupka@sejm.pl
Andrzej Kryj,33 Kielce,RozwojPlus,66,Andrzej.Kryj@sejm.pl
Mariusz Krystian,12 Kraków,PiS,50,Mariusz.Krystian@sejm.pl
Marek Krząkała,30 Bielsko-Biała,KO,58,Marek.Krzakala@sejm.pl
Adam Krzemiński,16 Płock,KO,51,Adam.Krzeminski@sejm.pl
Henryka Krzywonos-Strycharska,26 Słupsk,KO,73,Henryka.Krzywonos-Strycharska@sejm.pl
Krzysztof Kubów,1 Legnica,RozwojPlus,42,Krzysztof.Kubow@sejm.pl
Anita Kucharska-Dziedzic,8 Zielona Góra,Lewica,54,Anita.Kucharska-Dziedzic@sejm.pl
Marek Kuchciński,22 Krosno,PiS,71,Marek.Kuchcinski@sejm.pl
Paweł Kukiz,21 Opole,Demokracja,63,Pawel.Kukiz@sejm.pl
Marcin Kulasek,35 Olsztyn,Lewica,50,Marcin.Kulasek@sejm.pl
Maria Kurowska,22 Krosno,PiS,72,Maria.Kurowska@sejm.pl
Władysław Kurowski,12 Kraków,PiS,66,Wladyslaw.Kurowski@sejm.pl
Zbigniew Krzysztof Kuźmiuk,17 Radom,PiS,70,Zbigniew.Kuzmiuk@sejm.pl
Anna Kwiecień,17 Radom,RozwojPlus,62,Anna.Kwiecien@sejm.pl
Piotr Lachowicz,14 Nowy Sącz,KO,59,Piotr.Lachowicz@sejm.pl
Stanisław Lamczyk,26 Słupsk,KO,69,Stanislaw.Lamczyk@sejm.pl
Maciej Lasek,20 Warszawa,KO,59,Maciej.Lasek@sejm.pl
Gabriela Lenartowicz,30 Bielsko-Biała,KO,65,Gabriela.Lenartowicz@sejm.pl
Ewa Leniart,23 Rzeszów,PiS,50,Ewa.Leniart@sejm.pl
Aleksandra Leo,2 Wałbrzych,Centrum,45,Aleksandra.Leo@sejm.pl
Izabela Leszczyna,28 Częstochowa,KO,64,Izabela.Leszczyna@sejm.pl
Joanna Lichocka,11 Sieradz,PiS,56,Joanna.Lichocka@sejm.pl
Krzysztof Lipiec,33 Kielce,RozwojPlus,66,Krzysztof.Lipiec@sejm.pl
Łukasz Litewka,32 Katowice,Lewica,37,Lukasz.Litewka@sejm.pl
Grzegorz Lorek,10 Piotrków Trybunalski,PiS,55,Grzegorz.Lorek@sejm.pl
Radosław Lubczyk,40 Koszalin,PSL-TD,48,Radoslaw.Lubczyk@sejm.pl
Katarzyna Anna Lubnauer,19 Warszawa,KO,57,Katarzyna.Lubnauer@sejm.pl
Adam Luboński,38 Piła,Polska2050,57,Adam.Lubonski@sejm.pl
Artur Jarosław Łącki,41 Szczecin,KO,64,Artur.Lacki@sejm.pl
Alicja Łepkowska-Gołaś,24 Białystok,KO,43,Alicja.Lepkowska-Golas@sejm.pl
Dorota Łoboda,19 Warszawa,KO,51,Dorota.Loboda@sejm.pl
Krystian Łuczak,5 Toruń,KO,51,Krystian.Luczak@sejm.pl
Sebastian Łukaszewicz,24 Białystok,PiS,35,Sebastian.Lukaszewicz@sejm.pl
Marzena Anna Machałek,1 Legnica,RozwojPlus,66,Marzena.Machalek@sejm.pl
Antoni Macierewicz,10 Piotrków Trybunalski,PiS,78,Antoni.Macierewicz@sejm.pl
Marlena Magdalena Maląg,36 Kalisz,PiS,61,Marlena.Malag@sejm.pl
Ewa Malik,32 Katowice,PiS,65,Ewa.Malik@sejm.pl
Mirosław Maliszewski,17 Radom,PSL-TD,58,Miroslaw.Maliszewski@sejm.pl
Maciej Małecki,16 Płock,PiS,51,Maciej.Malecki@sejm.pl
Arkadiusz Marchewka,41 Szczecin,KO,40,Arkadiusz.Marchewka@sejm.pl
Jagna Marczułajtis-Walczak,13 Kraków,KO,47,Jagna.Marczulajtis-Walczak@sejm.pl
Dorota Marek,13 Kraków,KO,52,Dorota.Marek@sejm.pl
Dariusz Matecki,41 Szczecin,PiS,37,Dariusz.Matecki@sejm.pl
Jerzy Materna,8 Zielona Góra,PiS,70,Jerzy.Materna@sejm.pl
Grzegorz Matusiak,30 Bielsko-Biała,PiS,65,Grzegorz.Matusiak@sejm.pl
Katarzyna Matusik-Lipiec,13 Kraków,KO,51,Katarzyna.Matusik-Lipiec@sejm.pl
Marek Matuszewski,11 Sieradz,PiS,67,Marek.Matuszewski@sejm.pl
Paulina Matysiak,11 Sieradz,niez.,41,Paulina.Matysiak@sejm.pl
Łukasz Mejza,8 Zielona Góra,niez.,35,Lukasz.Mejza@sejm.pl
Sławomir Mentzen,19 Warszawa,Konfederacja,39,Slawomir.Mentzen@sejm.pl
Anna Milczanowska,10 Piotrków Trybunalski,PiS,68,Anna.Milczanowska@sejm.pl
Daniel Milewski,18 Siedlce,PiS,36,Daniel.Milewski@sejm.pl
Rajmund Miller,21 Opole,KO,72,Rajmund.Miller@sejm.pl
Aleksander Miszalski,13 Kraków,KO,46,Aleksander.Miszalski@sejm.pl
Mateusz Morawiecki,31 Katowice,RozwojPlus,58,Mateusz.Morawiecki@sejm.pl
Jan Mosiński,36 Kalisz,PiS,69,Jan.Mosinski@sejm.pl
Michał Moskal,6 Lublin,PiS,32,Michal.Moskal@sejm.pl
Czesław Mroczek,18 Siedlce,KO,62,Czeslaw.Mroczek@sejm.pl
Aleksander Mikołaj Mrówczyński,26 Słupsk,PiS,72,Aleksander.Mrowczynski@sejm.pl
Izabela Katarzyna Mrzygłocka,2 Wałbrzych,KO,67,Izabela.Mrzyglocka@sejm.pl
Joanna Mucha,6 Lublin,niez.,50,Joanna.Mucha@sejm.pl
Arkadiusz Mularczyk,14 Nowy Sącz,PiS,55,Arkadiusz.Mularczyk@sejm.pl
Krzysztof Mulawa,18 Siedlce,Konfederacja,41,Krzysztof.Mulawa@sejm.pl
Piotr Müller,26 Słupsk,PiS,37,Piotr.Muller@sejm.pl
Arkadiusz Myrcha,5 Toruń,KO,42,Arkadiusz.Myrcha@sejm.pl
Grzegorz Napieralski,41 Szczecin,KO,52,Grzegorz.Napieralski@sejm.pl
Dorota Niedziela,12 Kraków,KO,62,Dorota.Niedziela@sejm.pl
Jacek Niedźwiedzki,24 Białystok,KO,51,Jacek.Niedzwiedzki@sejm.pl
Małgorzata Niemczyk,9 Łódź,KO,56,Malgorzata.Niemczyk@sejm.pl
Jolanta Niezgodzka,3 Wrocław,KO,35,Jolanta.Niezgodzka@sejm.pl
Sławomir Nitras,41 Szczecin,KO,53,Slawomir.Nitras@sejm.pl
Barbara Nowacka,26 Słupsk,KO,51,Barbara.Nowacka@sejm.pl
Maja Ewa Nowak,8 Zielona Góra,Polska2050,39,Maja.Nowak@sejm.pl
Tomasz Piotr Nowak,37 Konin,KO,69,Tomasz.Nowak@sejm.pl
Wanda Nowicka,29 Katowice,Lewica,69,Wanda.Nowicka@sejm.pl
Urszula Nowogórska,14 Nowy Sącz,PSL-TD,48,Urszula.Nowogorska@sejm.pl
Mirosława Nykiel,27 Bielsko-Biała,KO,73,Miroslawa.Nykiel@sejm.pl
Marcin Ociepa,21 Opole,PiS,41,Marcin.Ociepa@sejm.pl
Marzena Okła-Drewnowicz,33 Kielce,KO,54,Marzena.Okla-Drewnowicz@sejm.pl
Barbara Okuła,24 Białystok,Centrum,52,Barbara.Okula@sejm.pl
Barbara Oliwiecka,36 Kalisz,Centrum,49,Barbara.Oliwiecka@sejm.pl
Dorota Olko,19 Warszawa,Lewica,38,Dorota.Olko@sejm.pl
Paweł Olszewski,4 Bydgoszcz,KO,46,Pawel.Olszewski@sejm.pl
Mirosław Adam Orliński,16 Płock,PSL-TD,40,Miroslaw.Orlinski@sejm.pl
Łukasz Osmalak,30 Bielsko-Biała,Polska2050,49,Lukasz.Osmalak@sejm.pl
Katarzyna Osos,8 Zielona Góra,KO,45,Katarzyna.Osos@sejm.pl
Jacek Osuch,13 Kraków,PiS,68,Jacek.Osuch@sejm.pl
Jacek Ozdoba,16 Płock,PiS,35,Jacek.Ozdoba@sejm.pl
Teresa Pamuła,22 Krosno,PiS,69,Teresa.Pamula@sejm.pl
Paweł Papke,35 Olsztyn,KO,49,Pawel.Papke@sejm.pl
Urszula Pasławska,35 Olsztyn,PSL-TD,49,Urszula.Paslawska@sejm.pl
Krzysztof Paszyk,38 Piła,PSL-TD,47,Krzysztof.Paszyk@sejm.pl
Karolina Pawliczak,36 Kalisz,KO,50,Karolina.Pawliczak@sejm.pl
Bartłomiej Pejo,6 Lublin,Konfederacja,41,Bartlomiej.Pejo@sejm.pl
Ryszard Petru,19 Warszawa,Centrum,54,Ryszard.Petru@sejm.pl
Małgorzata Pępek,27 Bielsko-Biała,KO,65,Malgorzata.Pepek@sejm.pl
Bolesław Piecha,30 Bielsko-Biała,PiS,72,Boleslaw.Piecha@sejm.pl
Grzegorz Piechowiak,38 Piła,PiS,63,Grzegorz.Piechowiak@sejm.pl
Anna Pieczarka,15 Tarnów,PiS,49,Anna.Pieczarka@sejm.pl
Katarzyna Maria Piekarska,19 Warszawa,KO,59,Katarzyna.Piekarska@sejm.pl
Norbert Pietrykowski,4 Bydgoszcz,Centrum,52,Norbert.Pietrykowski@sejm.pl
Lucjan Marek Pietrzczyk,33 Kielce,KO,66,Lucjan.Pietrzczyk@sejm.pl
Dariusz Piontkowski,24 Białystok,PiS,61,Dariusz.Piontkowski@sejm.pl
Kazimierz Plocke,26 Słupsk,KO,68,Kazimierz.Plocke@sejm.pl
Grzegorz Płaczek,31 Katowice,Konfederacja,48,Grzegorz.Placzek@sejm.pl
Kacper Płażyński,25 Gdańsk,PiS,37,Kacper.Plazynski@sejm.pl
Szymon Pogoda,1 Legnica,PiS,41,Szymon.Pogoda@sejm.pl
Jerzy Polaczek,31 Katowice,PiS,65,Jerzy.Polaczek@sejm.pl
Elżbieta Anna Polak,8 Zielona Góra,KO,67,Elzbieta.Polak@sejm.pl
Piotr Polak,11 Sieradz,PiS,65,Piotr.Polak@sejm.pl
Agnieszka Pomaska,25 Gdańsk,KO,46,Agnieszka.Pomaska@sejm.pl
Marcin Porzucek,38 Piła,PiS,42,Marcin.Porzucek@sejm.pl
Jacek Protas,34 Elbląg,KO,62,Jacek.Protas@sejm.pl
Marcin Przydacz,11 Sieradz,PiS,41,Marcin.Przydacz@sejm.pl
Grzegorz Puda,27 Bielsko-Biała,RozwojPlus,44,Grzegorz.Puda@sejm.pl
Michał Pyrzyk,37 Konin,PSL-TD,51,Michal.Pyrzyk@sejm.pl
Renata Rak,40 Koszalin,KO,53,Renata.Rak@sejm.pl
Ireneusz Raś,13 Kraków,PSL-TD,54,Ireneusz.Ras@sejm.pl
Zbigniew Rau,9 Łódź,PiS,71,Zbigniew.Rau@sejm.pl
Marcin Romanowski,7 Chełm,PiS,50,Marcin.Romanowski@sejm.pl
Bartosz Romowicz,22 Krosno,Polska2050,38,Bartosz.Romowicz@sejm.pl
Monika Rosa,31 Katowice,KO,40,Monika.Rosa@sejm.pl
Wiesław Różyński,7 Chełm,PSL-TD,58,Wieslaw.Rozynski@sejm.pl
Urszula Rusecka,15 Tarnów,PiS,60,Urszula.Rusecka@sejm.pl
Grzegorz Rusiecki,36 Kalisz,KO,43,Grzegorz.Rusiecki@sejm.pl
Jakub Rutnicki,38 Piła,KO,47,Jakub.Rutnicki@sejm.pl
Paweł Rychlik,11 Sieradz,RozwojPlus,39,Pawel.Rychlik@sejm.pl
Marek Rząsa,22 Krosno,KO,68,Marek.Rzasa@sejm.pl
Jarosław Rzepa,41 Szczecin,PSL-TD,54,Jaroslaw.Rzepa@sejm.pl
Jarosław Sachajko,7 Chełm,Demokracja,54,Jaroslaw.Sachajko@sejm.pl
Paweł Sałek,10 Piotrków Trybunalski,PiS,51,Pawel.Salek@sejm.pl
Wojciech Saługa,32 Katowice,KO,57,Wojciech.Saluga@sejm.pl
Tadeusz Samborski,1 Legnica,PSL-TD,81,Tadeusz.Samborski@sejm.pl
Jacek Sasin,24 Białystok,PiS,56,Jacek.Sasin@sejm.pl
Marek Sawicki,18 Siedlce,PSL-TD,68,Marek.Sawicki@sejm.pl
Ewa Schädler,39 Poznań,Polska2050,58,Ewa.Schadler@sejm.pl
Joanna Scheuring-Wielgus,5 Toruń,Lewica,54,Joanna.Scheuring-Wielgus@sejm.pl
Anna Schmidt,22 Krosno,PiS,47,Anna.Schmidt@sejm.pl
Łukasz Schreiber,4 Bydgoszcz,RozwojPlus,39,Lukasz.Schreiber@sejm.pl
Jarosław Sellin,25 Gdańsk,PiS,63,Jaroslaw.Sellin@sejm.pl
Olga Ewa Semeniuk-Patkowska,35 Olsztyn,RozwojPlus,37,Olga.Semeniuk-Patkowska@sejm.pl
Edward Siarka,14 Nowy Sącz,PiS,63,Edward.Siarka@sejm.pl
Krystyna Sibińska,8 Zielona Góra,KO,64,Krystyna.Sibinska@sejm.pl
Czesław Siekierski,33 Kielce,PSL-TD,73,Czeslaw.Siekierski@sejm.pl
Rafał Siemaszko,26 Słupsk,KO,40,Rafal.Siemaszko@sejm.pl
Tomasz Siemoniak,21 Opole,KO,59,Tomasz.Siemoniak@sejm.pl
Bartłomiej Sienkiewicz,13 Kraków,KO,65,Bartlomiej.Sienkiewicz@sejm.pl
Arkadiusz Sikora,1 Legnica,Lewica,53,Arkadiusz.Sikora@sejm.pl
Włodzimierz Skalik,21 Opole,Konfederacja_KP,67,Wlodzimierz.Skalik@sejm.pl
Marcin Skonieczka,5 Toruń,Centrum,47,Marcin.Skonieczka@sejm.pl
Krystyna Skowrońska,23 Rzeszów,KO,72,Krystyna.Skowronska@sejm.pl
Sławomir Skwarek,6 Lublin,PiS,62,Slawomir.Skwarek@sejm.pl
Waldemar Sługocki,8 Zielona Góra,KO,55,Waldemar.Slugocki@sejm.pl
Weronika Smarduch,14 Nowy Sącz,KO,36,Weronika.Smarduch@sejm.pl
Kazimierz Smoliński,25 Gdańsk,PiS,71,Kazimierz.Smolinski@sejm.pl
Anna Sobolak,3 Wrocław,KO,46,Anna.Sobolak@sejm.pl
Krzysztof Sobolewski,23 Rzeszów,PiS,48,Krzysztof.Sobolewski@sejm.pl
Artur Soboń,6 Lublin,PiS,49,Artur.Sobon@sejm.pl
Agnieszka Anna Soin,3 Wrocław,PiS,49,Agnieszka.Soin@sejm.pl
Zbigniew Sosnowski,5 Toruń,PSL-TD,62,Zbigniew.Sosnowski@sejm.pl
Marek Sowa,12 Kraków,KO,59,Marek.Sowa@sejm.pl
Katarzyna Sójka,36 Kalisz,PiS,40,Katarzyna.Sojka@sejm.pl
Magdalena Sroka,25 Gdańsk,PSL-TD,47,Magdalena.Sroka@sejm.pl
Mirosława Stachowiak-Różecka,3 Wrocław,RozwojPlus,53,Miroslawa.Stachowiak-Rozecka@sejm.pl
Dariusz Stefaniuk,7 Chełm,PiS,45,Dariusz.Stefaniuk@sejm.pl
Franciszek Sterczewski,39 Poznań,KO,38,Franciszek.Sterczewski@sejm.pl
Piotr Paweł Strach,29 Katowice,Polska2050,44,Piotr.Strach@sejm.pl
Mirosław Suchoń,27 Bielsko-Biała,Centrum,50,Miroslaw.Suchon@sejm.pl
Marek Suski,17 Radom,PiS,68,Marek.Suski@sejm.pl
Paweł Suski,40 Koszalin,KO,62,Pawel.Suski@sejm.pl
Artur Szałabawka,41 Szczecin,PiS,58,Artur.Szalabawka@sejm.pl
Wojciech Szarama,29 Katowice,PiS,70,Wojciech.Szarama@sejm.pl
Wiesław Szczepański,36 Kalisz,Lewica,66,Wieslaw.Szczepanski@sejm.pl
Michał Szczerba,19 Warszawa,KO,48,Michal.Szczerba@sejm.pl
Krzysztof Szczucki,5 Toruń,RozwojPlus,39,Krzysztof.Szczucki@sejm.pl
Józefa Szczurek-Żelazko,15 Tarnów,PiS,65,Jozefa.Szczurek-Zelazko@sejm.pl
Paweł Szefernaker,40 Koszalin,PiS,39,Pawel.Szefernaker@sejm.pl
Andrzej Szejna,33 Kielce,Lewica,53,Andrzej.Szejna@sejm.pl
Andrzej Szewiński,28 Częstochowa,KO,56,Andrzej.Szewinski@sejm.pl
Adam Szłapka,39 Poznań,KO,41,Adam.Szlapka@sejm.pl
Henryk Szopiński,38 Piła,KO,64,Henryk.Szopinski@sejm.pl
Paweł Szrot,4 Bydgoszcz,PiS,51,Pawel.Szrot@sejm.pl
Krystyna Szumilas,29 Katowice,KO,70,Krystyna.Szumilas@sejm.pl
Stanisław Szwed,27 Bielsko-Biała,PiS,71,Stanislaw.Szwed@sejm.pl
Ewa Szymanowska,9 Łódź,Centrum,48,Ewa.Szymanowska@sejm.pl
Tomasz Szymański,5 Toruń,KO,48,Tomasz.Szymanski@sejm.pl
Szymon Szynkowski vel Sęk,39 Poznań,RozwojPlus,43,Szymon.SzynkowskiVelSek@sejm.pl
Łukasz Ściebiorowski,31 Katowice,KO,46,Lukasz.Sciebiorowski@sejm.pl
Agnieszka Ścigaj,13 Kraków,RozwojPlus,50,Agnieszka.Scigaj@sejm.pl
Andrzej Śliwka,34 Elbląg,PiS,37,Andrzej.Sliwka@sejm.pl
Paweł Śliz,12 Kraków,Polska2050,46,Pawel.Sliz@sejm.pl
Krzysztof Śmiszek,3 Wrocław,Lewica,47,Krzysztof.Smiszek@sejm.pl
Jacek Świat,3 Wrocław,PiS,70,Jacek.Swiat@sejm.pl
Apoloniusz Tajner,27 Bielsko-Biała,KO,72,Apoloniusz.Tajner@sejm.pl
Krzysztof Tchórzewski,18 Siedlce,PiS,76,Krzysztof.Tchorzewski@sejm.pl
Robert Telus,10 Piotrków Trybunalski,PiS,57,Robert.Telus@sejm.pl
Ryszard Terlecki,14 Nowy Sącz,RozwojPlus,77,Ryszard.Terlecki@sejm.pl
Tadeusz Tomaszewski,37 Konin,Lewica,67,Tadeusz.Tomaszewski@sejm.pl
Jacek Tomczak,39 Poznań,PSL-TD,53,Jacek.Tomczak@sejm.pl
Wioleta Tomczak,26 Słupsk,Polska2050,38,Wioleta.Tomczak@sejm.pl
Cezary Tomczyk,11 Sieradz,KO,42,Cezary.Tomczyk@sejm.pl
Stanisław Tomczyszyn,8 Zielona Góra,PSL-TD,67,Stanislaw.Tomczyszyn@sejm.pl
Małgorzata Tracz,3 Wrocław,KO,40,Malgorzata.Tracz@sejm.pl
Tomasz Trela,9 Łódź,Lewica,46,Tomasz.Trela@sejm.pl
Krzysztof Truskolaski,24 Białystok,KO,36,Krzysztof.Truskolaski@sejm.pl
Krzysztof Tuduj,3 Wrocław,Konfederacja,45,Krzysztof.Tuduj@sejm.pl
Sylwester Tułajew,6 Lublin,RozwojPlus,44,Sylwester.Tulajew@sejm.pl
Witold Tumanowicz,7 Chełm,Konfederacja,39,Witold.Tumanowicz@sejm.pl
Donald Tusk,19 Warszawa,KO,69,Donald.Tusk@sejm.pl
Stanisław Tyszka,26 Słupsk,Konfederacja,47,Stanislaw.Tyszka@sejm.pl
Katarzyna Ueberhan,39 Poznań,Lewica,51,Katarzyna.Ueberhan@sejm.pl
Jarosław Urbaniak,36 Kalisz,KO,60,Jaroslaw.Urbaniak@sejm.pl
Piotr Uruski,22 Krosno,PiS,50,Piotr.Uruski@sejm.pl
Piotr Uściński,20 Warszawa,RozwojPlus,49,Piotr.Uscinski@sejm.pl
Jarosław Wałęsa,25 Gdańsk,KO,50,Jaroslaw.Walesa@sejm.pl
Marcin Warchoł,23 Rzeszów,PiS,46,Marcin.Warchol@sejm.pl
Robert Wardzała,15 Tarnów,KO,50,Robert.Wardzala@sejm.pl
Robert Warwas,32 Katowice,PiS,50,Robert.Warwas@sejm.pl
Jan Warzecha,23 Rzeszów,PiS,67,Jan.Warzecha@sejm.pl
Małgorzata Wassermann,13 Kraków,PiS,48,Malgorzata.Wassermann@sejm.pl
Michał Wawer,33 Kielce,Konfederacja,37,Michal.Wawer@sejm.pl
Maciej Wąsik,16 Płock,PiS,56,Maciej.Wasik@sejm.pl
Marta Wcisło,6 Lublin,KO,57,Marta.Wcislo@sejm.pl
Rafał Weber,23 Rzeszów,PiS,45,Rafal.Weber@sejm.pl
Marek Wesoły,31 Katowice,PiS,54,Marek.Wesoly@sejm.pl
Joanna Wicha,20 Warszawa,Lewica,59,Joanna.Wicha@sejm.pl
Patryk Wicher,14 Nowy Sącz,PiS,40,Patryk.Wicher@sejm.pl
Dariusz Wieczorek,41 Szczecin,Lewica,61,Dariusz.Wieczorek@sejm.pl
Jarosław Wiesław Wieczorek,29 Katowice,PiS,45,Jaroslaw.Wieczorek@sejm.pl
Monika Wielichowska,2 Wałbrzych,KO,52,Monika.Wielichowska@sejm.pl
Ryszard Wilk,14 Nowy Sącz,Konfederacja,39,Ryszard.Wilk@sejm.pl
Teresa Wilk,34 Elbląg,PiS,73,Teresa.Wilk@sejm.pl
Przemysław Wipler,5 Toruń,Konfederacja,48,Przemyslaw.Wipler@sejm.pl
Aleksandra Karolina Uznańska-Wiśniewska,9 Łódź,KO,32,Aleksandra.Uznanska-Wisniewska@sejm.pl
Adrian Witczak,10 Piotrków Trybunalski,KO,35,Adrian.Witczak@sejm.pl
Mariusz Witczak,36 Kalisz,KO,55,Mariusz.Witczak@sejm.pl
Elżbieta Witek,1 Legnica,PiS,68,Elzbieta.Witek@sejm.pl
Przemysław Witek,28 Częstochowa,KO,48,Przemyslaw.Witek@sejm.pl
Kamil Wnuk,32 Katowice,Polska2050,42,Kamil.Wnuk@sejm.pl
Anna Wojciechowska,35 Olsztyn,KO,66,Anna.Wojciechowska@sejm.pl
Agnieszka Wojciechowska van Heukelom,9 Łódź,PiS,62,Agnieszka.WojciechowskavanHeukelom@sejm.pl
Agata Wojtyszek,33 Kielce,PiS,58,Agata.Wojtyszek@sejm.pl
Bogusław Wołoszański,10 Piotrków Trybunalski,KO,76,Boguslaw.Woloszanski@sejm.pl
Michał Woś,30 Bielsko-Biała,PiS,35,Michal.Wos@sejm.pl
Grzegorz Woźniak,18 Siedlce,PiS,57,Grzegorz.Wozniak@sejm.pl
Tadeusz Woźniak,11 Sieradz,PiS,66,Tadeusz.Wozniak@sejm.pl
Michał Wójcik,31 Katowice,PiS,55,Michal.Wojcik@sejm.pl
Maciej Wróbel,35 Olsztyn,KO,42,Maciej.Wrobel@sejm.pl
Bartłomiej Wróblewski,39 Poznań,PiS,51,Bartlomiej.Wroblewski@sejm.pl
Paweł Zalewski,20 Warszawa,niez.,62,Pawel.Zalewski@sejm.pl
Adrian Zandberg,19 Warszawa,Razem,46,Adrian.Zandberg@sejm.pl
Andrzej Tomasz Zapałowski,22 Krosno,Konfederacja,59,Andrzej.Zapalowski@sejm.pl
Bartosz Zawieja,39 Poznań,KO,48,Bartosz.Zawieja@sejm.pl
Marcelina Zawisza,21 Opole,Razem,37,Marcelina.Zawisza@sejm.pl
Sławomir Zawiślak,7 Chełm,Konfederacja_KP,63,Slawomir.Zawislak@sejm.pl
Bogdan Andrzej Zdrojewski,3 Wrocław,KO,69,Bogdan.Zdrojewski@sejm.pl
Witold Zembaczyński,21 Opole,KO,45,Witold.Zembaczynski@sejm.pl
Piotr Zgorzelski,16 Płock,PSL-TD,63,Piotr.Zgorzelski@sejm.pl
Zbigniew Ziejewski,34 Elbląg,PSL-TD,67,Zbigniew.Ziejewski@sejm.pl
Urszula Sara Zielińska,19 Warszawa,KO,48,Urszula.Zielinska@sejm.pl
Jarosław Zieliński,24 Białystok,PiS,66,Jaroslaw.Zielinski@sejm.pl
Tomasz Zieliński,7 Chełm,PiS,59,Tomasz.Zielinski@sejm.pl
Jolanta Zięba-Gzik,11 Sieradz,PSL-TD,50,Jolanta.Zieba-Gzik@sejm.pl
Tomasz Zimoch,3 Wrocław,niez.,68,Tomasz.Zimoch@sejm.pl
Zbigniew Ziobro,23 Rzeszów,PiS,56,Zbigniew.Ziobro@sejm.pl
Wojciech Michał Zubowski,1 Legnica,RozwojPlus,46,Wojciech.Zubowski@sejm.pl
Ireneusz Zyska,2 Wałbrzych,RozwojPlus,57,Ireneusz.Zyska@sejm.pl
Bożena Żelazowska,20 Warszawa,PSL-TD,56,Bozena.Zelazowska@sejm.pl
Anna Maria Żukowska,19 Warszawa,Lewica,43,Anna.Zukowska@sejm.pl
Anna Baluch,6 Lublin,RozwojPlus,53,Anna.Baluch@sejm.pl
Magdalena Łośko,4 Bydgoszcz,KO,42,Magdalena.Losko@sejm.pl
Monika Pawłowska,7 Chełm,RozwojPlus,43,Monika.Pawlowska@sejm.pl
Alicja Łuczak,36 Kalisz,KO,65,Alicja.Luczak@sejm.pl
Dominik Jaśkowiec,13 Kraków,KO,49,Dominik.Jaskowiec@sejm.pl
Paweł Masełko,21 Opole,KO,46,Pawel.Maselko@sejm.pl
Katarzyna Stachowicz,32 Katowice,KO,49,Katarzyna.Stachowicz@sejm.pl
Lidia Czechak,36 Kalisz,PiS,50,Lidia.Czechak@sejm.pl
Barbara Grygorcewicz,40 Koszalin,KO,63,Barbara.Grygorcewicz@sejm.pl
Bożenna Hołownia,19 Warszawa,Polska2050,73,Bozenna.Holownia@sejm.pl
Urszula Koszutska,31 Katowice,KO,67,Urszula.Koszutska@sejm.pl
Piotr Kowal,5 Toruń,Lewica,33,Piotr.Kowal@sejm.pl
Michał Kowalski,26 Słupsk,PiS,50,Michal.Kowalski@sejm.pl
Maria Joanna Koźlakiewicz,16 Płock,KO,41,Maria.Kozlakiewicz@sejm.pl
Katarzyna Królak,34 Elbląg,KO,55,Katarzyna.Krolak@sejm.pl
Wioletta Maria Kulpa,16 Płock,PiS,51,Wioletta.Kulpa@sejm.pl
Grzegorz Macko,2 Wałbrzych,RozwojPlus,34,Grzegorz.Macko@sejm.pl
Jerzy Meysztowicz,13 Kraków,KO,68,Jerzy.Meysztowicz@sejm.pl
Krzysztof Mieszkowski,3 Wrocław,KO,70,Krzysztof.Mieszkowski@sejm.pl
Anna Paluch,14 Nowy Sącz,PiS,66,Anna.Paluch@sejm.pl
Krzysztof Piątkowski,9 Łódź,KO,57,Krzysztof.Piatkowski@sejm.pl
Mariusz Popielarz,18 Siedlce,KO,51,Mariusz.Popielarz@sejm.pl
Magdalena Roguska,19 Warszawa,KO,46,Magdalena.Roguska@sejm.pl
Marta Stożek,3 Wrocław,Razem,50,Marta.Stozek@sejm.pl
Krzysztof Szymański,26 Słupsk,Konfederacja,36,Krzysztof.Szymanski@sejm.pl
Włodzimierz Tomaszewski,9 Łódź,RozwojPlus,69,Wlodzimierz.Tomaszewski@sejm.pl
Maciej Tomczykiewicz,27 Bielsko-Biała,KO,38,Maciej.Tomczykiewicz@sejm.pl
Jarosław Krajewski,19 Warszawa,PiS,43,Jaroslaw.Krajewski@sejm.pl
Bożena Lisowska,6 Lublin,KO,63,Bozena.Lisowska@sejm.pl
Michał Połuboczek,23 Rzeszów,Konfederacja,43,Michal.Poluboczek@sejm.pl
Aleksandra Kot,13 Kraków,KO,26,Aleksandra.Kot@sejm.pl
Rafał Romanowski,16 Płock,PiS,48,Rafal.Romanowski@sejm.pl
Henryk Smolarz,6 Lublin,PSL-TD,57,Henryk.Smolarz@sejm.pl
Robert Jagła,2 Wałbrzych,KO,57,Robert.Jagla@sejm.pl
Michał Jach,41 Szczecin,PiS,75,Michal.Jach@sejm.pl
Bogumiła Olbryś,24 Białystok,PiS,65,Bogumila.Olbrys@sejm.pl
Tomasz Rzymkowski,11 Sieradz,Demokracja,40,Tomasz.Rzymkowski@sejm.pl
Marek Subocz,40 Koszalin,PiS,41,Marek.Subocz@sejm.pl
Bożena Borowiec,32 Katowice,Lewica,58,Bozena.Borowiec@sejm.pl
